k,macro_hit_on,macro_hit_off,macro_delta_hit_on_minus_off,weighted_hit_on,weighted_hit_off,weighted_delta_hit_on_minus_off,macro_mrr_on,macro_mrr_off,macro_delta_mrr_on_minus_off,weighted_mrr_on,weighted_mrr_off,weighted_delta_mrr_on_minus_off
1,0.6799999999999999,0.62,0.05999999999999996,0.68,0.62,0.05999999999999996,0.6799999999999999,0.62,0.05999999999999996,0.68,0.62,0.05999999999999996
3,0.8320000000000001,0.8,0.03200000000000001,0.832,0.8,0.03200000000000001,0.7453333333333333,0.6973333333333332,0.048,0.7453333333333333,0.6973333333333332,0.048
5,0.876,0.852,0.024,0.876,0.852,0.024,0.7564,0.7106000000000001,0.04579999999999997,0.7564000000000001,0.7105999999999999,0.045799999999999966
10,0.916,0.9,0.016000000000000014,0.916,0.9,0.016000000000000014,0.7629809523809523,0.717463492063492,0.04551746031746029,0.7629809523809523,0.7174634920634921,0.04551746031746029
