k,num_queries_total,page_hit_rate_at_k,page_recall_at_k,noise_rate_at_k,page_precision_at_k
1,55,0.5454545454545454,0.5454545454545454,0.4545454545454546,0.5454545454545454
3,55,0.7454545454545455,0.7454545454545455,0.693939393939394,0.30606060606060603
5,55,0.7818181818181819,0.7818181818181819,0.7766666666666666,0.22333333333333333
10,55,0.8909090909090909,0.8909090909090909,0.8746031746031746,0.1253968253968254
