difficulty,n,answer_acc
LEX,19,0.15789473684210525
MOD,9,0.1111111111111111
STR,11,0.0
