{
  "inputs": {
    "system_a": "/Users/djimra/MSc Data Science Jan 2025/Thesis documents/RAG_Pipeline_Project/data_processed_tiktoken_5docs/Grampian-2020-2021/retrieval_results_hybrid.json",
    "system_b": "/Users/djimra/MSc Data Science Jan 2025/Thesis documents/RAG_Pipeline_Project/data_processed_tiktoken_5docs/Grampian-2020-2021/retrieval_results.json",
    "n_common_queries": 50,
    "mrr_k": 10,
    "n_bootstrap": 5000,
    "seed": 42
  },
  "metrics": {
    "hit_at_1": {
      "observed_delta": 0.020000000000000018,
      "mean_delta": 0.019976,
      "ci95_low": -0.08000000000000007,
      "ci95_high": 0.12
    },
    "hit_at_3": {
      "observed_delta": 0.019999999999999907,
      "mean_delta": 0.019116,
      "ci95_low": -0.09999999999999998,
      "ci95_high": 0.14
    },
    "mrr_at_10": {
      "observed_delta": 0.004666666666666819,
      "mean_delta": 0.0043403333333333505,
      "ci95_low": -0.07200000000000006,
      "ci95_high": 0.08133333333333326
    }
  }
}