run,n,generation_ok,answer_non_empty_rate,exact_match_rate,contains_gt_rate,mean_token_f1
k5_224,75,19,0.9733333333333334,0.013333333333333334,0.08,0.18464818827675772
k5_280,75,48,1.0,0.013333333333333334,0.21333333333333335,0.2861066200433256
k8_224,75,45,1.0,0.013333333333333334,0.21333333333333335,0.2588562643806218
k8_280,75,47,1.0,0.013333333333333334,0.21333333333333335,0.2644143529317037
