doc_id,num_vectors,embedding_dim,l2_mean,l2_std,l2_p5,l2_p50,l2_p95,cos_pair_mean,cos_pair_std,cos_pair_p5,cos_pair_p50,cos_pair_p95,pca_var_ratio_pc1,pca_var_ratio_pc2,pca_compactness_mean_radius,pca_compactness_p95_radius
Grampian-2022-2023,296,384,1.0,2.3240234625632183e-08,1.0,1.0,1.0,0.41551387310028076,0.1502840369939804,0.16387908160686493,0.416841059923172,0.6642276048660278,0.1512259691953659,0.07009905576705933,0.33741289377212524,0.5201786160469055
Grampian-2023-2024,314,384,1.0,2.1273809380772946e-08,1.0,1.0,1.0,0.4142243564128876,0.15191815793514252,0.17890119552612305,0.4085169732570648,0.6833266019821167,0.14729778468608856,0.07263903319835663,0.3336254060268402,0.54786217212677
Grampian-2024-2025,341,384,1.0,2.0918356824495277e-08,1.0,1.0,1.0,0.41722843050956726,0.14870886504650116,0.17981384694576263,0.4143635928630829,0.6757196187973022,0.14166733622550964,0.07123513519763947,0.3197847008705139,0.5823809504508972
