x,y,n,pearson_r,spearman_rho
narrative_unknown_rate,hit_at_1,5,0.12407902032296275,0.22360679774997894
narrative_unknown_rate,mrr_at_10,5,-0.19041008997281256,-0.19999999999999998
financial_unknown_rate,hit_at_1,5,0.021280576922616604,0.22360679774997894
financial_unknown_rate,mrr_at_10,5,0.057096217854863955,0.09999999999999999
