mode,x,y,n,pearson_r,spearman_rho
off,narrative_unknown_rate,hit_at_1,5,0.12407902032296275,0.22360679774997894
off,narrative_unknown_rate,mrr_at_10,5,-0.19041008997281256,-0.19999999999999998
off,financial_unknown_rate,hit_at_1,5,0.021280576922616604,0.22360679774997894
off,financial_unknown_rate,mrr_at_10,5,0.057096217854863955,0.09999999999999999
on,narrative_unknown_rate,hit_at_1,5,-0.4830837190969223,-0.6668859288553501
on,narrative_unknown_rate,mrr_at_10,5,-0.6200456309470582,-0.7
on,financial_unknown_rate,hit_at_1,5,0.2816477549553632,0.10259783520851541
on,financial_unknown_rate,mrr_at_10,5,0.3007145174082805,-0.09999999999999999
