difficulty,acc_k1,acc_k3,delta_k3_minus_k1
LEX,0.12,0.12,0.0
MOD,0.09090909090909091,0.09090909090909091,0.0
STR,0.0,0.0,0.0
