difficulty,k,n_queries,accuracy
LEX,1,25,0.12
LEX,3,25,0.12
MOD,1,11,0.09090909090909091
MOD,3,11,0.09090909090909091
STR,1,14,0.0
STR,3,14,0.0
