difficulty,n,hit_rate,answer_acc
LEX,25,0.56,0.12
MOD,11,0.6363636363636364,0.09090909090909091
STR,14,0.7142857142857143,0.0
