doc_id,answer_relevancy,faithfulness,context_precision,context_recall
Grampian-2020-2021,0.1911967308540577,0.25,0.8214285713803571,0.9333333333333333
Grampian-2021-2022,0.22894379252496794,0.2976190476190476,0.7738095237544643,0.9285714285714286
Grampian-2022-2023,0.320817429585596,0.6964285714285714,0.8688888888242408,0.9333333333333333
Grampian-2023-2024,0.3459717023450167,0.3392857142857143,0.714583333291193,0.9285714285714286
Grampian-2024-2025,0.2711156727498842,0.2857142857142857,0.6249999999565475,0.7142857142857143
