difficulty,n,answer_accuracy,quote_support_rate,strict_accuracy,retrieval_hit_at_k
LEX,25,0.44,0.48,0.44,0.8
MOD,11,0.6363636363636364,0.7272727272727273,0.6363636363636364,0.9090909090909091
STR,14,0.21428571428571427,0.21428571428571427,0.21428571428571427,0.7857142857142857
