difficulty,chunks3,chunks5,delta_chunks3_minus_chunks5
LEX,0.12,0.12,0.0
MOD,0.09090909090909091,0.09090909090909091,0.0
STR,0.0,0.0,0.0
