doc_id,answer_relevancy,faithfulness,context_precision,context_recall
Grampian-2020-2021,0.4634636155250561,0.5555555555555556,0.833333333285,0.9333333333333333
Grampian-2021-2022,0.47139149620318116,0.630952380952381,0.7797619047054563,0.9285714285714286
Grampian-2022-2023,0.5744150578454303,0.9333333333333333,0.8688888888242408,0.9333333333333333
Grampian-2023-2024,0.613843267197894,0.6428571428571429,0.714583333291193,0.9285714285714286
Grampian-2024-2025,0.3584598565074432,0.5714285714285714,0.6249999999565475,0.7142857142857143
