{
  "inputs": {
    "system_a": "/Users/djimra/MSc Data Science Jan 2025/Thesis documents/RAG_Pipeline_Project/data_processed/Grampian-2022-2023/retrieval_results_hybrid.json",
    "system_b": "/Users/djimra/MSc Data Science Jan 2025/Thesis documents/RAG_Pipeline_Project/data_processed/Grampian-2022-2023/retrieval_results.json",
    "n_common_queries": 50,
    "mrr_k": 10,
    "n_bootstrap": 5000,
    "seed": 42
  },
  "metrics": {
    "hit_at_1": {
      "observed_delta": -0.020000000000000018,
      "mean_delta": -0.01964,
      "ci95_low": -0.16000000000000003,
      "ci95_high": 0.12
    },
    "hit_at_3": {
      "observed_delta": -0.039999999999999925,
      "mean_delta": -0.039867999999999994,
      "ci95_low": -0.16000000000000003,
      "ci95_high": 0.08000000000000007
    },
    "mrr_at_10": {
      "observed_delta": -0.03739682539682554,
      "mean_delta": -0.036660257142857144,
      "ci95_low": -0.1374111111111112,
      "ci95_high": 0.06127539682539683
    }
  }
}