difficulty,n,answer_accuracy,quote_support_rate,strict_accuracy,retrieval_hit_at_k
LEX,25,0.48,0.48,0.48,0.8
MOD,11,0.6363636363636364,0.6363636363636364,0.6363636363636364,0.9090909090909091
STR,14,0.07142857142857142,0.07142857142857142,0.07142857142857142,0.7857142857142857
