{
  "run_info": {
    "run_utc": "2026-02-18T10:48:23+00:00",
    "data_dir": "/Users/djimra/MSc Data Science Jan 2025/Thesis documents/RAG_Pipeline_Project/data_processed_camelot_new/Grampian-2022-2023",
    "method": "hybrid_rrf_dense_bm25",
    "embedding_model": "models/all-MiniLM-L6-v2",
    "bm25_k1": 1.5,
    "bm25_b": 0.75,
    "rrf_k": 60,
    "dense_weight": 1.0,
    "bm25_weight": 1.0,
    "k_list": [
      1,
      3,
      5,
      10
    ],
    "num_queries": 17,
    "num_chunks_indexed": 274
  },
  "metrics_by_k": {
    "1": {
      "num_queries": 17,
      "page_hit_rate_at_k": 0.5294117647058824,
      "mean_page_recall_at_k": 0.5294117647058824,
      "mean_page_precision_at_k": 0.5294117647058824,
      "mean_page_mrr_at_k": 0.5294117647058824,
      "chunk_hit_rate_at_k": 0.5294117647058824,
      "mean_chunk_precision_at_k": 0.5294117647058824,
      "mean_chunk_mrr_at_k": 0.5294117647058824
    },
    "3": {
      "num_queries": 17,
      "page_hit_rate_at_k": 0.5882352941176471,
      "mean_page_recall_at_k": 0.5882352941176471,
      "mean_page_precision_at_k": 0.2156862745098039,
      "mean_page_mrr_at_k": 0.5588235294117647,
      "chunk_hit_rate_at_k": 0.5882352941176471,
      "mean_chunk_precision_at_k": 0.21568627450980388,
      "mean_chunk_mrr_at_k": 0.5588235294117647
    },
    "5": {
      "num_queries": 17,
      "page_hit_rate_at_k": 0.6470588235294118,
      "mean_page_recall_at_k": 0.6470588235294118,
      "mean_page_precision_at_k": 0.16470588235294117,
      "mean_page_mrr_at_k": 0.5705882352941176,
      "chunk_hit_rate_at_k": 0.6470588235294118,
      "mean_chunk_precision_at_k": 0.17647058823529413,
      "mean_chunk_mrr_at_k": 0.5705882352941176
    },
    "10": {
      "num_queries": 17,
      "page_hit_rate_at_k": 0.6470588235294118,
      "mean_page_recall_at_k": 0.6470588235294118,
      "mean_page_precision_at_k": 0.08485060690943043,
      "mean_page_mrr_at_k": 0.5705882352941176,
      "chunk_hit_rate_at_k": 0.6470588235294118,
      "mean_chunk_precision_at_k": 0.11176470588235296,
      "mean_chunk_mrr_at_k": 0.5705882352941176
    }
  },
  "failure_counts_by_k": {
    "1": {
      "hit": 9,
      "missed_top_ranked": 8
    },
    "3": {
      "hit": 10,
      "missed_top_ranked": 7
    },
    "5": {
      "hit": 11,
      "missed_top_ranked": 6
    },
    "10": {
      "hit": 11,
      "missed_top_ranked": 6
    }
  },
  "leakage_counts_by_k": {
    "1": {
      "num_queries": 17,
      "any_leakage_rate_at_k": 0.0,
      "mean_leakage_rate_at_k": 0.0
    },
    "3": {
      "num_queries": 17,
      "any_leakage_rate_at_k": 0.0,
      "mean_leakage_rate_at_k": 0.0
    },
    "5": {
      "num_queries": 17,
      "any_leakage_rate_at_k": 0.0,
      "mean_leakage_rate_at_k": 0.0
    },
    "10": {
      "num_queries": 17,
      "any_leakage_rate_at_k": 0.0,
      "mean_leakage_rate_at_k": 0.0
    }
  },
  "answer_scoring": {
    "num_queries_total": 17,
    "num_queries_scored": 0,
    "answer_accuracy": null,
    "answer_status_counts": {}
  }
}