strategy,bm25_weight,n_queries,hit1,hit3,mrr10
rrf,2.0,250,0.716,0.844,0.7983253968253968
score_fusion,2.0,250,0.728,0.864,0.8053587301587302
