strategy,n_queries,hit1,hit3,mrr3,mrr5,mrr10
After (Score Fusion),250,0.728,0.864,0.7886666666666666,0.7979333333333333,0.8053587301587302
Before (RRF),250,0.716,0.844,0.7766666666666666,0.7906,0.7983253968253968
