fp,count_before,pct_before,count_after,pct_after,delta_count,delta_pct
FP1,0,0.0,0,0.0,0,0.0
FP2,39,15.6,36,14.4,-3,-1.1999999999999993
FP3,46,18.4,48,19.2,2,0.8000000000000007
FP4,3,1.2,3,1.2,0,0.0
FP5,10,4.0,11,4.4,1,0.40000000000000036
FP6,98,39.2,97,38.8,-1,-0.4000000000000057
FP7,21,8.4,22,8.8,1,0.40000000000000036
