configuration,Hit@1,Hit@3,MRR@3,MRR@5,MRR@10
Before (RRF),0.716,0.844,0.7766666666666666,0.7906,0.7983253968253968
After (Score Fusion),0.728,0.864,0.7886666666666666,0.7979333333333333,0.8053587301587302
