configuration,Hit@1,Hit@3,MRR@10
Before (RRF),0.716,0.844,0.7983253968253968
After (Score Fusion),0.728,0.864,0.8053587301587302
