metric,baseline,generated,delta_generated_minus_baseline
answer_relevancy,0.2716090656119045,0.496314658655801,0.22470559304389648
faithfulness,0.37380952380952376,0.6689814814814814,0.29517195767195764
context_precision,0.762265258165063,0.7667245369858802,0.004459278820817203
context_recall,0.8888888888888888,0.8888888888888888,0.0
