{
  "baseline_dir": "data_processed/Grampian-2023-2024",
  "treatment_dir": "data_processed_ablation_headerinj/Grampian-2023-2024",
  "overall": {
    "A": {
      "1": {
        "hit": 0.6,
        "mrr": 0.6
      },
      "3": {
        "hit": 0.8,
        "mrr": 0.7
      },
      "5": {
        "hit": 0.8,
        "mrr": 0.7
      },
      "10": {
        "hit": 0.9142857142857143,
        "mrr": 0.7186848072562357
      }
    },
    "B": {
      "1": {
        "hit": 0.6,
        "mrr": 0.6
      },
      "3": {
        "hit": 0.8,
        "mrr": 0.7
      },
      "5": {
        "hit": 0.8,
        "mrr": 0.7
      },
      "10": {
        "hit": 0.9142857142857143,
        "mrr": 0.7177777777777777
      }
    },
    "fp2": {
      "A": 14,
      "B": 14
    }
  },
  "table_heavy_prefixes": [
    "Q_2024_FIN",
    "Q_2024_SAV",
    "Q_2024_IJB",
    "Q_2024_DEL"
  ],
  "table_heavy": {
    "A": {
      "n": 22,
      "hit@1": 0.6363636363636364,
      "mrr@1": 0.6363636363636364,
      "hit@3": 0.8636363636363636,
      "mrr@3": 0.75,
      "hit@5": 0.8636363636363636,
      "mrr@5": 0.75,
      "hit@10": 0.9545454545454546,
      "mrr@10": 0.7615440115440115,
      "fp2": 8
    },
    "B": {
      "n": 22,
      "hit@1": 0.6363636363636364,
      "mrr@1": 0.6363636363636364,
      "hit@3": 0.8636363636363636,
      "mrr@3": 0.75,
      "hit@5": 0.8636363636363636,
      "mrr@5": 0.75,
      "hit@10": 0.9545454545454546,
      "mrr@10": 0.76010101010101,
      "fp2": 8
    }
  }
}