{
  "baseline_dir": "data_processed_ui/Grampian-2023-2024",
  "treatment_dir": "data_processed_ablation_headerinj/Grampian-2023-2024",
  "marker_counts": {
    "baseline": 0,
    "treatment": 36
  },
  "overall": {
    "A": {
      "1": {
        "hit": 0.5142857142857142,
        "mrr": 0.5142857142857142
      },
      "3": {
        "hit": 0.6285714285714286,
        "mrr": 0.5666666666666667
      },
      "5": {
        "hit": 0.6571428571428571,
        "mrr": 0.5723809523809523
      },
      "10": {
        "hit": 0.7142857142857143,
        "mrr": 0.5800340136054422
      }
    },
    "B": {
      "1": {
        "hit": 0.5142857142857142,
        "mrr": 0.5142857142857142
      },
      "3": {
        "hit": 0.6285714285714286,
        "mrr": 0.5666666666666667
      },
      "5": {
        "hit": 0.6571428571428571,
        "mrr": 0.5738095238095238
      },
      "10": {
        "hit": 0.7142857142857143,
        "mrr": 0.5819727891156463
      }
    },
    "fp2": {
      "A": 17,
      "B": 17
    }
  },
  "table_heavy_prefixes": [
    "Q_2024_FIN",
    "Q_2024_SAV",
    "Q_2024_IJB",
    "Q_2024_DEL"
  ],
  "table_heavy": {
    "A": {
      "n": 22,
      "hit@1": 0.5909090909090909,
      "mrr@1": 0.5909090909090909,
      "hit@3": 0.6818181818181818,
      "mrr@3": 0.6363636363636364,
      "hit@5": 0.7272727272727273,
      "mrr@5": 0.6454545454545454,
      "hit@10": 0.8181818181818182,
      "mrr@10": 0.6576298701298702,
      "fp2": 9
    },
    "B": {
      "n": 22,
      "hit@1": 0.5909090909090909,
      "mrr@1": 0.5909090909090909,
      "hit@3": 0.6818181818181818,
      "mrr@3": 0.6363636363636364,
      "hit@5": 0.7272727272727273,
      "mrr@5": 0.6477272727272727,
      "hit@10": 0.8181818181818182,
      "mrr@10": 0.6607142857142857,
      "fp2": 9
    }
  }
}