doc_id,pages_total,sections_before,sections_after,subsection_unknown_pct_before_sections,subsection_unknown_pct_after_sections,subsection_unknown_pct_delta_sections,toc_detected,toc_pages_count,toc_items_count,toc_offset,toc_offset_support_count,toc_offset_confidence,toc_coverage_pct,toc_override_rate,subsection_reject_count,subsection_unknown_pct_before_metric,subsection_unknown_pct_after_metric,has_toc_artifact,has_rejected_csv
Grampian-2020-2021,133,114,132,0.9210526315789473,0.29545454545454547,-0.6255980861244019,True,1,15,2,2,0.7,0.9849624060150376,0.0,8,0.9097744360902256,0.3007518796992481,True,True
Grampian-2021-2022,146,128,145,0.9296875,0.1310344827586207,-0.7986530172413793,True,1,16,0,2,0.7,0.9863013698630136,0.0,8,0.9178082191780822,0.136986301369863,True,True
Grampian-2022-2023,154,149,153,0.46308724832214765,0.47058823529411764,0.007500986971969992,True,1,16,-61,1,0.6,1.0,0.3246753246753247,30,0.44805194805194803,0.474025974025974,True,True
Grampian-2023-2024,161,151,161,0.4900662251655629,0.453416149068323,-0.036650076097239914,True,1,16,0,2,0.7,0.9937888198757764,0.18012422360248448,31,0.5217391304347826,0.453416149068323,True,True
Grampian-2024-2025,172,169,172,0.4319526627218935,0.436046511627907,0.0040938489060134975,True,1,15,0,2,0.7,0.9941860465116279,0.1744186046511628,39,0.4418604651162791,0.436046511627907,True,True
