{
  "inputs": {
    "system_a": "/Users/djimra/MSc Data Science Jan 2025/Thesis documents/RAG_Pipeline_Project/data_processed_tiktoken_5docs/Grampian-2023-2024/retrieval_results_hybrid.json",
    "system_b": "/Users/djimra/MSc Data Science Jan 2025/Thesis documents/RAG_Pipeline_Project/data_processed_tiktoken_5docs/Grampian-2023-2024/retrieval_results.json",
    "n_common_queries": 50,
    "mrr_k": 10,
    "n_bootstrap": 5000,
    "seed": 42
  },
  "metrics": {
    "hit_at_1": {
      "observed_delta": 0.020000000000000018,
      "mean_delta": 0.02028,
      "ci95_low": -0.09999999999999998,
      "ci95_high": 0.14
    },
    "hit_at_3": {
      "observed_delta": 0.09999999999999998,
      "mean_delta": 0.10001600000000001,
      "ci95_low": 0.0,
      "ci95_high": 0.20000000000000007
    },
    "mrr_at_10": {
      "observed_delta": 0.054333333333333234,
      "mean_delta": 0.053789990476190465,
      "ci95_low": -0.028333333333333325,
      "ci95_high": 0.14328928571428562
    }
  }
}