doc_id,fs_pages,fs_sub_unknown,fs_sub_unknown_rate,fs_note_subsections
Grampian-2020-2021,55,2,0.03636363636363636,0
Grampian-2022-2023,67,52,0.7761194029850746,15
Grampian-2023-2024,66,42,0.6363636363636364,24
Grampian-2024-2025,68,42,0.6176470588235294,26
