query_id,cos_table_page12,cos_narr_page11,diff_narr_minus_table
Q_EFF_2024_01,0.336812,0.384398,0.047586
Q_EFF_2024_02,0.305472,0.37837,0.072899
Q_EFF_2024_03,0.324441,0.383666,0.059224
