doc_id,jaccard_mean,jaccard_p5,spearman_mean
Grampian-2022-2023,0.9883769198837693,0.8181818181818182,0.9950416897680476
Grampian-2023-2024,0.9915933528836754,1.0,0.9939761862755048
Grampian-2024-2025,0.9776857081360485,0.8181818181818182,0.9857129208230978
