k,num_queries_total,page_hit_rate_at_k,page_recall_at_k,noise_rate_at_k,page_precision_at_k
1,55,0.6363636363636364,0.6363636363636364,0.36363636363636365,0.6363636363636364
3,55,0.8181818181818182,0.8181818181818182,0.6636363636363637,0.3363636363636363
5,55,0.8545454545454545,0.8545454545454545,0.7660606060606061,0.23393939393939392
10,55,0.8545454545454545,0.8545454545454545,0.8693939393939394,0.13060606060606061
