{
  "root": "data_processed",
  "docs": [
    "Grampian-2022-2023",
    "Grampian-2023-2024",
    "Grampian-2024-2025"
  ],
  "run_tags": [
    "hybrid_rerankoff_subon",
    "hybrid_rerankon_subon",
    "hybrid_maxk50",
    "hybrid_maxk40",
    "hybrid_maxk30"
  ],
  "dense_run_tags": [
    "dense_rerank_off",
    "dense_rerank_on"
  ],
  "reference_tag": "hybrid_rerankoff_subon",
  "num_queries_complete_across_runs": 55,
  "stability": {
    "top1_chunk_flip_rate": 0.36363636363636365,
    "top1_page_flip_rate": 0.34545454545454546,
    "mean_rank_corr_pairwise": 0.7502672133401964,
    "hit1_mean_across_queries": 0.6181818181818182,
    "hit1_std_across_queries": 0.09454545454545457,
    "mrr10_mean_across_queries": 0.7187402597402598,
    "mrr10_std_across_queries": 0.0605974025974026
  },
  "topk_recall_by_run": {
    "hybrid_maxk30": {
      "recall@1": 0.6363636363636364,
      "recall@3": 0.8181818181818182,
      "recall@5": 0.8545454545454545,
      "recall@10": 0.8545454545454545,
      "hit@1": 0.6363636363636364,
      "hit@3": 0.8181818181818182,
      "mrr@10": 0.7318181818181818
    },
    "hybrid_maxk40": {
      "recall@1": 0.6363636363636364,
      "recall@3": 0.8181818181818182,
      "recall@5": 0.8545454545454545,
      "recall@10": 0.8545454545454545,
      "hit@1": 0.6363636363636364,
      "hit@3": 0.8181818181818182,
      "mrr@10": 0.7318181818181818
    },
    "hybrid_maxk50": {
      "recall@1": 0.6363636363636364,
      "recall@3": 0.8181818181818182,
      "recall@5": 0.8545454545454545,
      "recall@10": 0.8545454545454545,
      "hit@1": 0.6363636363636364,
      "hit@3": 0.8181818181818182,
      "mrr@10": 0.7318181818181818
    },
    "hybrid_rerankoff_subon": {
      "recall@1": 0.6363636363636364,
      "recall@3": 0.8181818181818182,
      "recall@5": 0.8545454545454545,
      "recall@10": 0.8545454545454545,
      "hit@1": 0.6363636363636364,
      "hit@3": 0.8181818181818182,
      "mrr@10": 0.7318181818181818
    },
    "hybrid_rerankon_subon": {
      "recall@1": 0.5454545454545454,
      "recall@3": 0.7454545454545455,
      "recall@5": 0.7818181818181819,
      "recall@10": 0.8909090909090909,
      "hit@1": 0.5454545454545454,
      "hit@3": 0.7454545454545455,
      "mrr@10": 0.6664285714285714
    }
  },
  "paired_effect_and_significance": {
    "hybrid_rerankon_subon_vs_hybrid_rerankoff_subon": {
      "hit@1": {
        "n": 55,
        "mean_ref": 0.6363636363636364,
        "mean_cmp": 0.5454545454545454,
        "delta": -0.09090909090909091,
        "cohen_dz": -0.18860838403857946,
        "p_permutation_two_sided": 0.26888655567221637
      },
      "hit@3": {
        "n": 55,
        "mean_ref": 0.8181818181818182,
        "mean_cmp": 0.7454545454545455,
        "delta": -0.07272727272727272,
        "cohen_dz": -0.27749837403772815,
        "p_permutation_two_sided": 0.12904354782260888
      },
      "mrr@10": {
        "n": 55,
        "mean_ref": 0.7318181818181818,
        "mean_cmp": 0.6664285714285714,
        "delta": -0.06538961038961039,
        "cohen_dz": -0.25442314651671505,
        "p_permutation_two_sided": 0.06534673266336684
      },
      "recall@1": {
        "n": 55,
        "mean_ref": 0.6363636363636364,
        "mean_cmp": 0.5454545454545454,
        "delta": -0.09090909090909091,
        "cohen_dz": -0.18860838403857946,
        "p_permutation_two_sided": 0.26888655567221637
      },
      "recall@3": {
        "n": 55,
        "mean_ref": 0.8181818181818182,
        "mean_cmp": 0.7454545454545455,
        "delta": -0.07272727272727272,
        "cohen_dz": -0.27749837403772815,
        "p_permutation_two_sided": 0.12904354782260888
      },
      "recall@5": {
        "n": 55,
        "mean_ref": 0.8545454545454545,
        "mean_cmp": 0.7818181818181819,
        "delta": -0.07272727272727272,
        "cohen_dz": -0.27749837403772815,
        "p_permutation_two_sided": 0.12294385280735963
      },
      "recall@10": {
        "n": 55,
        "mean_ref": 0.8545454545454545,
        "mean_cmp": 0.8909090909090909,
        "delta": 0.03636363636363636,
        "cohen_dz": 0.1348399724926484,
        "p_permutation_two_sided": 0.6249687515624219
      }
    },
    "hybrid_maxk50_vs_hybrid_rerankoff_subon": {
      "hit@1": {
        "n": 55,
        "mean_ref": 0.6363636363636364,
        "mean_cmp": 0.6363636363636364,
        "delta": 0.0,
        "cohen_dz": 0.0,
        "p_permutation_two_sided": 1.0
      },
      "hit@3": {
        "n": 55,
        "mean_ref": 0.8181818181818182,
        "mean_cmp": 0.8181818181818182,
        "delta": 0.0,
        "cohen_dz": 0.0,
        "p_permutation_two_sided": 1.0
      },
      "mrr@10": {
        "n": 55,
        "mean_ref": 0.7318181818181818,
        "mean_cmp": 0.7318181818181818,
        "delta": 0.0,
        "cohen_dz": 0.0,
        "p_permutation_two_sided": 1.0
      },
      "recall@1": {
        "n": 55,
        "mean_ref": 0.6363636363636364,
        "mean_cmp": 0.6363636363636364,
        "delta": 0.0,
        "cohen_dz": 0.0,
        "p_permutation_two_sided": 1.0
      },
      "recall@3": {
        "n": 55,
        "mean_ref": 0.8181818181818182,
        "mean_cmp": 0.8181818181818182,
        "delta": 0.0,
        "cohen_dz": 0.0,
        "p_permutation_two_sided": 1.0
      },
      "recall@5": {
        "n": 55,
        "mean_ref": 0.8545454545454545,
        "mean_cmp": 0.8545454545454545,
        "delta": 0.0,
        "cohen_dz": 0.0,
        "p_permutation_two_sided": 1.0
      },
      "recall@10": {
        "n": 55,
        "mean_ref": 0.8545454545454545,
        "mean_cmp": 0.8545454545454545,
        "delta": 0.0,
        "cohen_dz": 0.0,
        "p_permutation_two_sided": 1.0
      }
    },
    "hybrid_maxk40_vs_hybrid_rerankoff_subon": {
      "hit@1": {
        "n": 55,
        "mean_ref": 0.6363636363636364,
        "mean_cmp": 0.6363636363636364,
        "delta": 0.0,
        "cohen_dz": 0.0,
        "p_permutation_two_sided": 1.0
      },
      "hit@3": {
        "n": 55,
        "mean_ref": 0.8181818181818182,
        "mean_cmp": 0.8181818181818182,
        "delta": 0.0,
        "cohen_dz": 0.0,
        "p_permutation_two_sided": 1.0
      },
      "mrr@10": {
        "n": 55,
        "mean_ref": 0.7318181818181818,
        "mean_cmp": 0.7318181818181818,
        "delta": 0.0,
        "cohen_dz": 0.0,
        "p_permutation_two_sided": 1.0
      },
      "recall@1": {
        "n": 55,
        "mean_ref": 0.6363636363636364,
        "mean_cmp": 0.6363636363636364,
        "delta": 0.0,
        "cohen_dz": 0.0,
        "p_permutation_two_sided": 1.0
      },
      "recall@3": {
        "n": 55,
        "mean_ref": 0.8181818181818182,
        "mean_cmp": 0.8181818181818182,
        "delta": 0.0,
        "cohen_dz": 0.0,
        "p_permutation_two_sided": 1.0
      },
      "recall@5": {
        "n": 55,
        "mean_ref": 0.8545454545454545,
        "mean_cmp": 0.8545454545454545,
        "delta": 0.0,
        "cohen_dz": 0.0,
        "p_permutation_two_sided": 1.0
      },
      "recall@10": {
        "n": 55,
        "mean_ref": 0.8545454545454545,
        "mean_cmp": 0.8545454545454545,
        "delta": 0.0,
        "cohen_dz": 0.0,
        "p_permutation_two_sided": 1.0
      }
    },
    "hybrid_maxk30_vs_hybrid_rerankoff_subon": {
      "hit@1": {
        "n": 55,
        "mean_ref": 0.6363636363636364,
        "mean_cmp": 0.6363636363636364,
        "delta": 0.0,
        "cohen_dz": 0.0,
        "p_permutation_two_sided": 1.0
      },
      "hit@3": {
        "n": 55,
        "mean_ref": 0.8181818181818182,
        "mean_cmp": 0.8181818181818182,
        "delta": 0.0,
        "cohen_dz": 0.0,
        "p_permutation_two_sided": 1.0
      },
      "mrr@10": {
        "n": 55,
        "mean_ref": 0.7318181818181818,
        "mean_cmp": 0.7318181818181818,
        "delta": 0.0,
        "cohen_dz": 0.0,
        "p_permutation_two_sided": 1.0
      },
      "recall@1": {
        "n": 55,