doc_id,aligned_chunks,cosine_mean,cosine_p5,cosine_p50,cosine_p95,pct_cos_below_0_95,pct_cos_below_0_90
Grampian-2022-2023,292,0.9994481801986694,1.0,1.0,1.0000001192092896,0.003424657534246575,0.0
Grampian-2023-2024,310,0.9988752603530884,1.0,1.0,1.0000001192092896,0.0064516129032258064,0.0032258064516129032
Grampian-2024-2025,337,0.9980301856994629,1.0,1.0,1.0000001192092896,0.008902077151335312,0.008902077151335312
