era,num_vectors,embedding_dim,l2_mean,l2_std,cos_pair_mean,cos_pair_std,cos_pair_p5,cos_pair_p50,cos_pair_p95,pca_var_ratio_pc1,pca_var_ratio_pc2,pca_compactness_mean_radius,pca_compactness_p95_radius
old_2004_2021,1596,384,1.0,2.007256760805376e-08,0.3954574763774872,0.1469794362783432,0.15350326001644135,0.3945920765399933,0.6379566282033919,0.13872520625591278,0.06428118795156479,0.3277278542518616,0.5200446993112564
new_2022_2025,970,384,1.0,2.1987769827092052e-08,0.41096416115760803,0.14985805749893188,0.17496423721313475,0.4071868062019348,0.6686692833900452,0.14237704873085022,0.06891083717346191,0.33089467883110046,0.5154046416282654
