doc_id,num_vectors,embedding_dim,l2_mean,l2_std,l2_p5,l2_p50,l2_p95,cos_pair_mean,cos_pair_std,cos_pair_p5,cos_pair_p50,cos_pair_p95,pca_var_ratio_pc1,pca_var_ratio_pc2,pca_compactness_mean_radius,pca_compactness_p95_radius
Grampian-2022-2023,306,384,1.0,2.1817818662839272e-08,1.0,1.0,1.0,0.4083428382873535,0.15001748502254486,0.16023070439696313,0.4104069173336029,0.6542131155729294,0.14812821704869922,0.07156762569092194,0.3380120098590851,0.5207415074110031
Grampian-2023-2024,323,384,1.0,2.3215438460510995e-08,1.0,1.0,1.0,0.40786442160606384,0.15135979652404785,0.1702080458402634,0.40085461735725403,0.6768493205308913,0.1459637338577374,0.07195052336686049,0.33739179372787476,0.5252451777458189
Grampian-2024-2025,341,384,1.0,2.0918356824495277e-08,1.0,1.0,1.0,0.41651198267936707,0.14718416333198547,0.17956450805068017,0.411055788397789,0.6730111837387085,0.14166735023417526,0.07123513586173257,0.3197847306728363,0.5823805332183838
