doc_id,num_vectors_old,embedding_dim_old,l2_mean_old,l2_std_old,l2_p5_old,l2_p50_old,l2_p95_old,cos_pair_mean_old,cos_pair_std_old,cos_pair_p5_old,cos_pair_p50_old,cos_pair_p95_old,pca_var_ratio_pc1_old,pca_var_ratio_pc2_old,pca_compactness_mean_radius_old,pca_compactness_p95_radius_old,num_vectors_new,embedding_dim_new,l2_mean_new,l2_std_new,l2_p5_new,l2_p50_new,l2_p95_new,cos_pair_mean_new,cos_pair_std_new,cos_pair_p5_new,cos_pair_p50_new,cos_pair_p95_new,pca_var_ratio_pc1_new,pca_var_ratio_pc2_new,pca_compactness_mean_radius_new,pca_compactness_p95_radius_new,num_vectors_delta,cos_pair_mean_delta,cos_pair_std_delta,pca_var_ratio_pc1_delta,pca_var_ratio_pc2_delta,pca_compactness_mean_radius_delta
Grampian-2022-2023,296,384,1.0,2.3240234625632183e-08,1.0,1.0,1.0,0.4155138731002807,0.1502840369939804,0.1638790816068649,0.416841059923172,0.6642276048660278,0.1512259691953659,0.0700990557670593,0.3374128937721252,0.5201786160469055,306,384,1.0,2.1817818662839272e-08,1.0,1.0,1.0,0.4083428382873535,0.1500174850225448,0.1602307043969631,0.4104069173336029,0.6542131155729294,0.1481282170486992,0.0715676256909219,0.3380120098590851,0.5207415074110031,10,-0.007171034812927191,-0.0002665519714356024,-0.0030977521466667157,0.0014685699238626004,0.0005991160869598944
Grampian-2023-2024,314,384,1.0,2.1273809380772946e-08,1.0,1.0,1.0,0.4142243564128876,0.1519181579351425,0.178901195526123,0.4085169732570648,0.6833266019821167,0.1472977846860885,0.0726390331983566,0.3336254060268402,0.54786217212677,323,384,1.0,2.3215438460510995e-08,1.0,1.0,1.0,0.4078644216060638,0.1513597965240478,0.1702080458402634,0.400854617357254,0.6768493205308913,0.1459637338577374,0.0719505233668604,0.3373917937278747,0.5252451777458189,9,-0.006359934806823786,-0.0005583614110946933,-0.0013340508283511132,-0.0006885098314961952,0.0037663877010344904
Grampian-2024-2025,341,384,1.0,2.0918356824495277e-08,1.0,1.0,1.0,0.4172284305095672,0.1487088650465011,0.1798138469457626,0.4143635928630829,0.6757196187973022,0.1416673362255096,0.0712351351976394,0.3197847008705139,0.5823809504508972,341,384,1.0,2.0918356824495277e-08,1.0,1.0,1.0,0.416511982679367,0.1471841633319854,0.1795645080506801,0.411055788397789,0.6730111837387085,0.1416673502341752,0.0712351358617325,0.3197847306728363,0.5823805332183838,0,-0.0007164478302001953,-0.0015247017145157138,1.4008665616405125e-08,6.640930999557426e-10,2.9802322387695312e-08
