era,num_vectors,embedding_dim,l2_mean,l2_std,cos_pair_mean,cos_pair_std,cos_pair_p5,cos_pair_p50,cos_pair_p95,pca_var_ratio_pc1,pca_var_ratio_pc2,pca_compactness_mean_radius,pca_compactness_p95_radius
old_2004_2017,755,384,1.0,1.9034962051023285e-08,0.3979320228099823,0.14961828291416168,0.1504198618233204,0.39800433814525604,0.6438075304031372,0.1424853801727295,0.0677645206451416,0.3310262858867645,0.5264577805995941
new_2022_2025,970,384,1.0,2.1987769827092052e-08,0.4109678566455841,0.14988647401332855,0.17491719946265222,0.4072072207927704,0.668564349412918,0.14237704873085022,0.06891083717346191,0.33089467883110046,0.5154046416282654
