k,macro_hit_before,macro_hit_after,macro_delta_hit,weighted_hit_before,weighted_hit_after,weighted_delta_hit,macro_mrr_before,macro_mrr_after,macro_delta_mrr,weighted_mrr_before,weighted_mrr_after,weighted_delta_mrr
1,0.72,0.6799999999999999,-0.040000000000000015,0.72,0.68,-0.040000000000000015,0.72,0.6799999999999999,-0.040000000000000015,0.72,0.68,-0.040000000000000015
3,0.86,0.8320000000000001,-0.028000000000000004,0.86,0.832,-0.028000000000000004,0.7813333333333333,0.7453333333333333,-0.03600000000000005,0.7813333333333333,0.7453333333333333,-0.03600000000000006
5,0.9120000000000001,0.876,-0.03599999999999999,0.912,0.876,-0.03599999999999998,0.7956,0.7564,-0.03919999999999999,0.7955999999999999,0.7564000000000001,-0.03919999999999999
10,0.9480000000000001,0.916,-0.03199999999999999,0.948,0.916,-0.03199999999999999,0.8009492063492063,0.7629809523809523,-0.037968253968254026,0.8009492063492064,0.7629809523809523,-0.037968253968254026
