{
  "inputs": {
    "system_a": "/Users/djimra/MSc Data Science Jan 2025/Thesis documents/RAG_Pipeline_Project/data_processed_tiktoken_5docs/Grampian-2024-2025/retrieval_results_hybrid.json",
    "system_b": "/Users/djimra/MSc Data Science Jan 2025/Thesis documents/RAG_Pipeline_Project/data_processed_tiktoken_5docs/Grampian-2024-2025/retrieval_results.json",
    "n_common_queries": 50,
    "mrr_k": 10,
    "n_bootstrap": 5000,
    "seed": 42
  },
  "metrics": {
    "hit_at_1": {
      "observed_delta": 0.040000000000000036,
      "mean_delta": 0.040496,
      "ci95_low": -0.08000000000000007,
      "ci95_high": 0.16000000000000003
    },
    "hit_at_3": {
      "observed_delta": -0.020000000000000018,
      "mean_delta": -0.020084,
      "ci95_low": -0.10000000000000009,
      "ci95_high": 0.06000000000000005
    },
    "mrr_at_10": {
      "observed_delta": 0.0032222222222221264,
      "mean_delta": 0.0037940444444444247,
      "ci95_low": -0.07611111111111113,
      "ci95_high": 0.07989722222222201
    }
  }
}