{
  "arm": "baseline",
  "retrieval_settings_hash": "df2c82b48cb7a2ae",
  "metrics_all": {
    "n": 43,
    "hit_at_3": 0.9069767441860465,
    "strict_accuracy": 0.6046511627906976,
    "quote_support_rate": 0.6046511627906976,
    "p_strict_given_hit3": 0.6666666666666666,
    "failure_mode_counts": {
      "strict_correct": 26,
      "did_not_identify_gold": 17
    }
  },
  "metrics_table_query": {
    "n": 43,
    "hit_at_3": 0.9069767441860465,
    "strict_accuracy": 0.6046511627906976,
    "quote_support_rate": 0.6046511627906976,
    "p_strict_given_hit3": 0.6666666666666666,
    "failure_mode_counts": {
      "strict_correct": 26,
      "did_not_identify_gold": 17
    }
  },
  "n_table_query": 43,
  "n_financial_table_query": 2
}