metric,baseline,generated,delta_generated_minus_baseline
answer_relevancy,0.2716090656119045,0.29073155515814725,0.019122489546242738
faithfulness,0.37380952380952376,0.4337899543378995,0.05998043052837576
context_precision,0.762265258165063,0.7439189188668488,-0.018346339298214165
context_recall,0.8888888888888888,0.8648648648648649,-0.024024024024023927
