metric,baseline,generated,delta_generated_minus_baseline
answer_relevancy,0.496314658655801,0.3489438386506413,-0.14737082000515966
faithfulness,0.6689814814814814,0.550228310502283,-0.11875317097919835
context_precision,0.7667245369858802,0.7391891891381888,-0.027535347847691405
context_recall,0.8888888888888888,0.8648648648648649,-0.024024024024023927
