metric,baseline,generated,delta_generated_minus_baseline
answer_relevancy,0.29073155515814725,0.3489438386506413,0.05821228349249408
faithfulness,0.4337899543378995,0.550228310502283,0.11643835616438353
context_precision,0.7439189188668488,0.7391891891381888,-0.004729729728660037
context_recall,0.8648648648648649,0.8648648648648649,0.0
