doc_id,answer_relevancy,faithfulness,context_precision,context_recall
Grampian-2020-2021,0.2224453496628663,0.3777777777777777,0.7555555555016668,0.8666666666666667
Grampian-2021-2022,0.24215960253867147,0.4666666666666667,0.7655555555071849,0.9333333333333333
Grampian-2022-2023,0.370470637450342,0.7857142857142857,0.8333333332766666,0.9333333333333333
Grampian-2023-2024,0.6064575141829078,0.6071428571428571,0.6976190475717162,0.8571428571428571
Grampian-2024-2025,0.30318608941841896,0.5333333333333333,0.6411111110626112,0.7333333333333333
